sr no. ,Distric,state,latitude,longitude,red zone,orange zone,green zone,,,,,
1,South Andamans, Andaman And Nicobar Islands,,,1,0,0,,,,,
2,Nicobars ,Andaman And Nicobar Islands,,,0,0,1,,,,,
3,North and Middle Andaman,Andaman And Nicobar Islands,,,0,0,1,,,,,1 -YES
4,Kurnool,ANDHRA PRADESH,,,1,0,0,,,,,0-NO
5,Guntur,ANDHRA PRADESH,,,1,0,0,,,,,
6,Krishna,ANDHRA PRADESH,,,1,0,0,,,,,
7,Chittoor,ANDHRA PRADESH,,,1,0,0,,,,,
8,SPSR Nellore,ANDHRA PRADESH,,,1,0,0,,,,,
9,West Godavari,ANDHRA PRADESH,,,0,1,0,,,,,
10,YSR (Kadapa),ANDHRA PRADESH,,,0,1,0,,,,,
11,Anantapur,ANDHRA PRADESH,,,0,1,0,,,,,
12,Prakasam,ANDHRA PRADESH,,,0,1,0,,,,,
13,East Godavari,ANDHRA PRADESH,,,0,1,0,,,,,
14,Srikakulam,ANDHRA PRADESH,,,0,1,0,,,,,
15,Visakhapatnam,ANDHRA PRADESH,,,0,1,0,,,,,
16,Vizianagaram,ANDHRA PRADESH,,,0,0,1,,,,,
17,Lohit,ARUNACHAL PRADESH,,,0,0,1,,,,,
18,Changlang,ARUNACHAL PRADESH,,,0,0,1,,,,,
19,Dibang Valley,ARUNACHAL PRADESH,,,0,0,1,,,,,
20,East Kameng,ARUNACHAL PRADESH,,,0,0,1,,,,,
21,East Slang,ARUNACHAL PRADESH,,,0,0,1,,,,,
22,Kurung Kumey,ARUNACHAL PRADESH,,,0,0,1,,,,,
23,Lower Dibang Valley,ARUNACHAL PRADESH,,,0,0,1,,,,,
24,Lower Subansiri,ARUNACHAL PRADESH,,,0,0,1,,,,,
25,Papum Pare,ARUNACHAL PRADESH,,,0,0,1,,,,,
26,Tawang,ARUNACHAL PRADESH,,,0,0,1,,,,,
27,Tirap,ARUNACHAL PRADESH,,,0,0,1,,,,,
28,Upper Siang,ARUNACHAL PRADESH,,,0,0,1,,,,,
29,Upper Subansiri,ARUNACHAL PRADESH,,,0,0,1,,,,,
30,West Kameng,ARUNACHAL PRADESH,,,0,0,1,,,,,
31,West Siang,ARUNACHAL PRADESH,,,0,0,1,,,,,
32,Anjaw,ARUNACHAL PRADESH,,,0,0,1,,,,,
33,Longding,ARUNACHAL PRADESH,,,0,0,1,,,,,
34,Kra Daadi,ARUNACHAL PRADESH,,,0,0,1,,,,,
35,Namsai,ARUNACHAL PRADESH,,,0,0,1,,,,,
36,Siang,ARUNACHAL PRADESH,,,0,0,1,,,,,
37,Kamle,ARUNACHAL PRADESH,,,0,0,1,,,,,
38,Lower Siang,ARUNACHAL PRADESH,,,0,0,1,,,,,
39,Pakke Kessang,ARUNACHAL PRADESH,,,0,0,1,,,,,
40,Lepa Rada,ARUNACHAL PRADESH,,,0,0,1,,,,,
41,Shi Yomi,ARUNACHAL PRADESH,,,0,0,1,,,,,
42,Dhubri,ASSAM,,,0,1,0,,,,,
43,Morigaon,ASSAM,,,0,1,0,,,,,
44,Goalpara,ASSAM,,,0,1,0,,,,,
45,Golaghat,ASSAM,,,0,0,1,,,,,
46,Karimganj,ASSAM,,,0,0,1,,,,,
47,Nalbari,ASSAM,,,0,0,1,,,,,
48,Hailakandi,ASSAM,,,0,0,1,,,,,
49,Cachar,ASSAM,,,0,0,1,,,,,
50,Kamrup,ASSAM,,,0,0,1,,,,,
51,Lakhimpur,ASSAM,,,0,0,1,,,,,
52,Kamrup Metro,ASSAM,,,0,0,1,,,,,
53,South Salmara Mankachar,ASSAM,,,0,0,1,,,,,
54,Barpeta,ASSAM,,,0,0,1,,,,,
55,Bongaigaon,ASSAM,,,0,0,1,,,,,
56,Darrang,ASSAM,,,0,0,1,,,,,
57,Dhemaji,ASSAM,,,0,0,1,,,,,
58,Dibrugarh,ASSAM,,,0,0,1,,,,,
59,Jorhat,ASSAM,,,0,0,1,,,,,
60,Karbi Anglong,ASSAM,,,0,0,1,,,,,
61,Kokrajhar,ASSAM,,,0,0,1,,,,,
62,Nagaon,ASSAM,,,0,0,1,,,,,
63,Dima Hasao,ASSAM,,,0,0,1,,,,,
64,Sivasagar,ASSAM,,,0,0,1,,,,,
65,Sonitpur,ASSAM,,,0,0,1,,,,,
66,Tinsukia,ASSAM,,,0,0,1,,,,,
67,Chirang,ASSAM,,,0,0,1,,,,,
68,Baksa,ASSAM,,,0,0,1,,,,,
69,Udalguri,ASSAM,,,0,0,1,,,,,
70,Biswanath,ASSAM,,,0,0,1,,,,,
71,Majuli,ASSAM,,,0,0,1,,,,,
72,Charaideo,ASSAM,,,0,0,1,,,,,
73,Hojai,ASSAM,,,0,0,1,,,,,
74,West Karbi Anglong,ASSAM,,,0,0,1,,,,,
75,Munger,BIHAR,,,1,0,0,,,,,
76,Patna,BIHAR,,,1,0,0,,,,,
77,Rohtas,BIHAR,,,1,0,0,,,,,
78,Buxar,BIHAR,,,1,0,0,,,,,
79,Gaya,BIHAR,,,1,0,0,,,,,
80,Nalanda,BIHAR,,,0,1,0,,,,,
81,Kaimur (Bhabua),BIHAR,,,0,1,0,,,,,
82,Siwan,BIHAR,,,0,1,0,,,,,
83,Gopalganj,BIHAR,,,0,1,0,,,,,
84,Bhojpur,BIHAR,,,0,1,0,,,,,
85,Begusarai,BIHAR,,,0,1,0,,,,,
86,Aurangabad,BIHAR,,,0,1,0,,,,,
87,Madhubani,BIHAR,,,0,1,0,,,,,
88,Purbi Champaran (East Champaran),BIHAR,,,0,1,0,,,,,
89,Bhagalpur,BIHAR,,,0,1,0,,,,,
90,Arwal,BIHAR,,,0,1,0,,,,,
91,Saran,BIHAR,,,0,1,0,,,,,
92,Nawada,BIHAR,,,0,1,0,,,,,
93,Lakhisarai,BIHAR,,,0,1,0,,,,,
94,Banka,BIHAR,,,0,1,0,,,,,
95,Vaishali,BIHAR,,,0,1,0,,,,,
96,Darbhanga,BIHAR,,,0,1,0,,,,,
97,Jehanabad,BIHAR,,,0,1,0,,,,,
98,Madhepura,BIHAR,,,0,1,0,,,,,
99,Purnia,BIHAR,,,0,1,0,,,,,
100,Sheikhpura,BIHAR,,,0,0,1,,,,,
101,Araria,BIHAR,,,0,0,1,,,,,
102,Jamui,BIHAR,,,0,0,1,,,,,
103,Katihar,BIHAR,,,0,0,1,,,,,
104,Khagaria,BIHAR,,,0,0,1,,,,,
105,Kishanganj,BIHAR,,,0,0,1,,,,,
106,Muzaffarpur,BIHAR,,,0,0,1,,,,,
107,Pashchim Champaran (West Champaran),BIHAR,,,0,0,1,,,,,
108,Saharsa,BIHAR,,,0,0,1,,,,,
109,Samastipur,BIHAR,,,0,0,1,,,,,
110,Sheohar,BIHAR,,,0,0,1,,,,,
111,Sitamarhi,BIHAR,,,0,0,1,,,,,
112,Supaul,BIHAR,,,0,0,1,,,,,
113,Chandigarh,CHANDIGARH,,,1,0,0,,,,,
114,Raipur,CHHATTISGARH,,,1,0,0,,,,,
115,Korba,CHHATTISGARH,,,0,1,0,,,,,
116,Surajpur,CHHATTISGARH,,,0,0,1,,,,,
117,Bilaspur,CHHATTISGARH,,,0,0,1,,,,,
118,Durg,CHHATTISGARH,,,0,0,1,,,,,
119,Rajnandgaon,CHHATTISGARH,,,0,0,1,,,,,
120,Basta,CHHATTISGARH,,,0,0,1,,,,,
121,Dantewada,CHHATTISGARH,,,0,0,1,,,,,
122,Dhamtari,CHHATTISGARH,,,0,0,1,,,,,
123,Janjgir-Champa,CHHATTISGARH,,,0,0,1,,,,,
124,Jashpur,CHHATTISGARH,,,0,0,1,,,,,
125,Kanker,CHHATTISGARH,,,0,0,1,,,,,
126,Kabirdham,CHHATTISGARH,,,0,0,1,,,,,
127,Korea (Koriya),CHHATTISGARH,,,0,0,1,,,,,
128,Mahasamund,CHHATTISGARH,,,0,0,1,,,,,
129,Raigarh,CHHATTISGARH,,,0,0,1,,,,,
130,Surguia,CHHATTISGARH,,,0,0,1,,,,,
131,Bijapur,CHHATTISGARH,,,0,0,1,,,,,
132,Nayaranpur,CHHATTISGARH,,,0,0,1,,,,,
133,Sukma,CHHATTISGARH,,,0,0,1,,,,,
134,Kondagaon,CHHATTISGARH,,,0,0,1,,,,,
135,Baloda Bazar,CHHATTISGARH,,,0,0,1,,,,,
136,Garivaband,CHHATTISGARH,,,0,0,1,,,,,
137,Balod,CHHATTISGARH,,,0,0,1,,,,,
138,Munseli,CHHATTISGARH,,,0,0,1,,,,,
139,Balrampur,CHHATTISGARH,,,0,0,1,,,,,
140,Bemetara,CHHATTISGARH,,,0,0,1,,,,,
141,Dadra And Nagar Haveli,DADRA AND NAGAR HAVELI AND DAMAN AND DIU,,,0,0,1,,,,,
142,Daman,DADRA AND NAGAR HAVELI AND DAMAN AND DIU,,,0,0,1,,,,,
143,Diu,DADRA AND NAGAR HAVELI AND DAMAN AND DIU,,,0,0,1,,,,,
144,South East Delhi,DELHI,,,1,0,0,,,,,
145,Central Delhi,DELHI,,,1,0,0,,,,,
146,North Delhi,DELHI,,,1,0,0,,,,,
147,South Delhi,DELHI,,,1,0,0,,,,,
148,North East Delhi,DELHI,,,1,0,0,,,,,
149,West Delhi,DELHI,,,1,0,0,,,,,
150,Shahdara,DELHI,,,1,0,0,,,,,
151,East Delhi,DELHI,,,1,0,0,,,,,
152,New Delhi,DELHI,,,1,0,0,,,,,
153,North West Delhi,DELHI,,,1,0,0,,,,,
154,South West Delhi,DELHI,,,1,0,0,,,,,
155,North Goa,GOA,,,0,0,1,,,,,
156,South Goa,GOA,,,0,0,1,,,,,
157,Ahmedabad,GUJARAT,,,1,0,0,,,,,
158,Surat,GUJARAT,,,1,0,0,,,,,
159,Vadodara,GUJARAT,,,1,0,0,,,,,
160,Anand,GUJARAT,,,1,0,0,,,,,
161,Banaskantha,GUJARAT,,,1,0,0,,,,,
162,Panchmahal,GUJARAT,,,1,0,0,,,,,
163,Bhavnagar,GUJARAT,,,1,0,0,,,,,
164,Gandhinagar,GUJARAT,,,1,0,0,,,,,
165,Aravalli,GUJARAT,,,1,0,0,,,,,
166,Rajkot,GUJARAT,,,0,1,0,,,,,
167,Bharuch,GUJARAT,,,0,1,0,,,,,
168,Botad,GUJARAT,,,0,1,0,,,,,
169,Narmada,GUJARAT,,,0,1,0,,,,,
170,Chhota Udaipur (Chhotaudepur),GUJARAT,,,0,1,0,,,,,
171,Mahisagar,GUJARAT,,,0,1,0,,,,,
172,Mehsana,GUJARAT,,,0,1,0,,,,,
173,Patan,GUJARAT,,,0,1,0,,,,,
174,Kheda,GUJARAT,,,0,1,0,,,,,
175,Valsad,GUJARAT,,,0,1,0,,,,,
176,Dohad,GUJARAT,,,0,1,0,,,,,
177,Kachchh (Kutch),GUJARAT,,,0,1,0,,,,,
178,Navsari,GUJARAT,,,0,1,0,,,,,
179,Gir Somnath,GUJARAT,,,0,1,0,,,,,
180,Dang,GUJARAT,,,0,1,0,,,,,
181,Sabarkantha,GUJARAT,,,0,1,0,,,,,
182,Tapi,GUJARAT,,,0,1,0,,,,,
183,Jamnagar,GUJARAT,,,0,1,0,,,,,
184,Surendranagar,GUJARAT,,,0,1,0,,,,,
185,Morbi,GUJARAT,,,0,0,1,,,,,
186,Amreli,GUJARAT,,,0,0,1,,,,,
187,Porbandar,GUJARAT,,,0,0,1,,,,,
188,Junagadh,GUJARAT,,,0,0,1,,,,,
189,Devbhumi Dwarka (Devbhoomi Dwarka),GUJARAT,,,0,0,1,,,,,
190,Sonipat,HARYANA,,,1,0,0,,,,,
191,Faridabad,HARYANA,,,1,0,0,,,,,
192,Gurugram (Gurgaon),HARYANA,,,0,1,0,,,,,
193,Nuh,HARYANA,,,0,1,0,,,,,
194,Panipat,HARYANA,,,0,1,0,,,,,
195,Panchkula,HARYANA,,,0,1,0,,,,,
196,Palwal,HARYANA,,,0,1,0,,,,,
197,Rohtak,HARYANA,,,0,1,0,,,,,
198,Hisar,HARYANA,,,0,1,0,,,,,
199,Ambala,HARYANA,,,0,1,0,,,,,
200,Jhajjar,HARYANA,,,0,1,0,,,,,
201,Bhiwani,HARYANA,,,0,1,0,,,,,
202,Kaithal,HARYANA,,,0,1,0,,,,,
203,Kurukshetra,HARYANA,,,0,1,0,,,,,
204,Karnal,HARYANA,,,0,1,0,,,,,
205,Jind,HARYANA,,,0,1,0,,,,,
206,Sirsa,HARYANA,,,0,1,0,,,,,
207,Yamunanagar,HARYANA,,,0,1,0,,,,,
208,Fatehabad,HARYANA,,,0,1,0,,,,,
209,Charkhi Dadri,HARYANA,,,0,1,0,,,,,
210,Mahendragarh,HARYANA,,,0,0,1,,,,,
211,Rewari,HARYANA,,,0,0,1,,,,,
212,Una,HIMACHAL PRADESH,,,0,1,0,,,,,
213,Chamba,HIMACHAL PRADESH,,,0,1,0,,,,,
214,Hamirpur,HIMACHAL PRADESH,,,0,1,0,,,,,
215,Kangra,HIMACHAL PRADESH,,,0,1,0,,,,,
216,Sirmaur,HIMACHAL PRADESH,,,0,1,0,,,,,
217,Solan,HIMACHAL PRADESH,,,0,1,0,,,,,
218,Bilaspur,HIMACHAL PRADESH,,,0,0,1,,,,,
219,Kinnaur,HIMACHAL PRADESH,,,0,0,1,,,,,
220,Kullu,HIMACHAL PRADESH,,,0,0,1,,,,,
221,Lahul and Spiti,HIMACHAL PRADESH,,,0,0,1,,,,,
222,Mandi,HIMACHAL PRADESH,,,0,0,1,,,,,
223,Shimla,HIMACHAL PRADESH,,,0,0,1,,,,,
224,Bandipora,JAMMU AND KASHMIR,,,1,0,0,,,,,
225,Shopian,JAMMU AND KASHMIR,,,1,0,0,,,,,
226,Anantnag,JAMMU AND KASHMIR,,,1,0,0,,,,,
227,Srinagar,JAMMU AND KASHMIR,,,1,0,0,,,,,
228,Baramulla,JAMMU AND KASHMIR,,,0,1,0,,,,,
229,Kupwara,JAMMU AND KASHMIR,,,0,1,0,,,,,
230,Ganderbal,JAMMU AND KASHMIR,,,0,1,0,,,,,
231,Jammu,JAMMU AND KASHMIR,,,0,1,0,,,,,
232,Udhampur,JAMMU AND KASHMIR,,,0,1,0,,,,,
233,Kulgam,JAMMU AND KASHMIR,,,0,1,0,,,,,
234,Budgam,JAMMU AND KASHMIR,,,0,1,0,,,,,
235,Samba,JAMMU AND KASHMIR,,,0,1,0,,,,,
236,Kathua,JAMMU AND KASHMIR,,,0,1,0,,,,,
237,Rajouri,JAMMU AND KASHMIR,,,0,1,0,,,,,
238,Ramban,JAMMU AND KASHMIR,,,0,1,0,,,,,
239,Reasi,JAMMU AND KASHMIR,,,0,1,0,,,,,
240,Pulwama,JAMMU AND KASHMIR,,,0,0,1,,,,,
241,Kishtwar,JAMMU AND KASHMIR,,,0,0,1,,,,,
242,Doda,JAMMU AND KASHMIR,,,0,0,1,,,,,
243,Poonch,JAMMU AND KASHMIR,,,0,0,1,,,,,
244,Ranchi,JHARKHAND,,,1,0,0,,,,,
245,Bokaro,JHARKHAND,,,0,1,0,,,,,
246,Garhwa,JHARKHAND,,,0,1,0,,,,,
247,Dhanbad,JHARKHAND,,,0,1,0,,,,,
248,Deoghar,JHARKHAND,,,0,1,0,,,,,
249,Hazaribagh,JHARKHAND,,,0,1,0,,,,,
250,Simdega,JHARKHAND,,,0,1,0,,,,,
251,Giridih,JHARKHAND,,,0,1,0,,,,,
252,Koderma,JHARKHAND,,,0,1,0,,,,,
253,Jamtara,JHARKHAND,,,0,1,0,,,,,
254,Chatra,JHARKHAND,,,0,0,1,,,,,
255,Dumka,JHARKHAND,,,0,0,1,,,,,
256,East Singhbum,JHARKHAND,,,0,0,1,,,,,
257,Godda,JHARKHAND,,,0,0,1,,,,,
258,Gumla,JHARKHAND,,,0,0,1,,,,,
259,Latehar,JHARKHAND,,,0,0,1,,,,,
260,Lohardaga,JHARKHAND,,,0,0,1,,,,,
261,Pakur,JHARKHAND,,,0,0,1,,,,,
262,Palamu,JHARKHAND,,,0,0,1,,,,,
263,Sahebganj,JHARKHAND,,,0,0,1,,,,,
264,Saraikela Kharsawan,JHARKHAND,,,0,0,1,,,,,
265,West Singhbhum,JHARKHAND,,,0,0,1,,,,,
266,Khunti,JHARKHAND,,,0,0,1,,,,,
267,Ramgarh,JHARKHAND,,,0,0,1,,,,,
268,Bengaluru Urban (Bangalore City),KARNATAKA,,,1,0,0,,,,,
269,Mysuru (Mysore),KARNATAKA,,,1,0,0,,,,,
270,Bengaluru Rural,KARNATAKA,,,1,0,0,,,,,
271,Belagavi (Belgaum),KARNATAKA,,,0,1,0,,,,,
272,Vijayapura,KARNATAKA,,,0,1,0,,,,,
273,Kalaburagi (Gulbarga),KARNATAKA,,,0,1,0,,,,,
274,Bagalkote,KARNATAKA,,,0,1,0,,,,,
275,Mandya,KARNATAKA,,,0,1,0,,,,,
276,Ballari (Bellary),KARNATAKA,,,0,1,0,,,,,
277,Dharwad,KARNATAKA,,,0,1,0,,,,,
278,Dakshina Kannada (South Canara),KARNATAKA,,,0,1,0,,,,,
279,Bidar,KARNATAKA,,,0,1,0,,,,,
280,Chikkaballapura,KARNATAKA,,,0,1,0,,,,,
281,Gadag,KARNATAKA,,,0,1,0,,,,,
282,Uttara Kannada (North Canara),KARNATAKA,,,0,1,0,,,,,
283,Tumakuru,KARNATAKA,,,0,1,0,,,,,
284,Davangere,KARNATAKA,,,0,0,1,,,,,
285,Udupi,KARNATAKA,,,0,0,1,,,,,
286,Chamarajanagar,KARNATAKA,,,0,0,1,,,,,
287,Chikkamagaluru (Chikmagalur),KARNATAKA,,,0,0,1,,,,,
288,Chitradurga,KARNATAKA,,,0,0,1,,,,,
289,Hassan,KARNATAKA,,,0,0,1,,,,,
290,Haveri,KARNATAKA,,,0,0,1,,,,,
291,Kodagu,KARNATAKA,,,0,0,1,,,,,
292,Kolar,KARNATAKA,,,0,0,1,,,,,
293,Koppal,KARNATAKA,,,0,0,1,,,,,
294,Raichur,KARNATAKA,,,0,0,1,,,,,
295,Shivamogga,KARNATAKA,,,0,0,1,,,,,
296,Ramanagara,KARNATAKA,,,0,0,1,,,,,
297,Yadgir,KARNATAKA,,,0,0,1,,,,,
298,Kannur,KERALA,,,1,0,0,,,,,
299,Kottayam,KERALA,,,1,0,0,,,,,
300,Kasaragod,KERALA,,,0,1,0,,,,,
301,Idukki,KERALA,,,0,1,0,,,,,
302,Kozhikode (Calicut),KERALA,,,0,1,0,,,,,
303,Kollam,KERALA,,,0,1,0,,,,,
304,Palakkad,KERALA,,,0,1,0,,,,,
305,Pathanamthitta,KERALA,,,0,1,0,,,,,
306,Malappuram,KERALA,,,0,1,0,,,,,
307,Thiruvananthapuram (Trivandrum),KERALA,,,0,1,0,,,,,
308,Alappuzha (Alleppey),KERALA,,,0,1,0,,,,,
309,Thrissur,KERALA,,,0,1,0,,,,,
310,Ernakulam,KERALA,,,0,0,1,,,,,
311,Wayanad,KERALA,,,0,0,1,,,,,
312,Leh Ladakh,LADAKH,,,0,1,0,,,,,
313,Kargil,LADAKH,,,0,1,0,,,,,
314,Lakshadweep District,LAKSHADWEEP,,,0,0,1,,,,,
315,lndore,MADHYA PRADESH,,,1,0,0,,,,,
316,Bhopal,MADHYA PRADESH,,,1,0,0,,,,,
317,Ujjain,MADHYA PRADESH,,,1,0,0,,,,,
318,Jabalpur,MADHYA PRADESH,,,1,0,0,,,,,
319,Dhar,MADHYA PRADESH,,,1,0,0,,,,,
320,Barwani,MADHYA PRADESH,,,1,0,0,,,,,
321,East Nimar,MADHYA PRADESH,,,1,0,0,,,,,
322,Dewas,MADHYA PRADESH,,,1,0,0,,,,,
323,Gwalior,MADHYA PRADESH,,,1,0,0,,,,,
324,Khargone,MADHYA PRADESH,,,0,1,0,,,,,
325,Raisen,MADHYA PRADESH,,,0,1,0,,,,,
326,Hoshangabad,MADHYA PRADESH,,,0,1,0,,,,,
327,Ratlam,MADHYA PRADESH,,,0,1,0,,,,,
328,Agar Malwa,MADHYA PRADESH,,,0,1,0,,,,,
329,Mandsaur,MADHYA PRADESH,,,0,1,0,,,,,
330,Sagar,MADHYA PRADESH,,,0,1,0,,,,,
331,Shajapur,MADHYA PRADESH,,,0,1,0,,,,,
332,Chhindwara,MADHYA PRADESH,,,0,1,0,,,,,
333,Alirajpur,MADHYA PRADESH,,,0,1,0,,,,,
334,Tikamgarh,MADHYA PRADESH,,,0,1,0,,,,,
335,Shahdol,MADHYA PRADESH,,,0,1,0,,,,,
336,Sheopur,MADHYA PRADESH,,,0,1,0,,,,,
337,Dindori,MADHYA PRADESH,,,0,1,0,,,,,
338,Burhanpur,MADHYA PRADESH,,,0,1,0,,,,,
339,Harda,MADHYA PRADESH,,,0,1,0,,,,,
340,Betul,MADHYA PRADESH,,,0,1,0,,,,,
341,Vidisha,MADHYA PRADESH,,,0,1,0,,,,,
342,Morena,MADHYA PRADESH,,,0,1,0,,,,,
343,Rewa,MADHYA PRADESH,,,0,0,1,,,,,
344,Ashoknagar,MADHYA PRADESH,,,0,0,1,,,,,
345,Rajgarh,MADHYA PRADESH,,,0,0,1,,,,,
346,Shivpuri,MADHYA PRADESH,,,0,0,1,,,,,
347,Anuppur,MADHYA PRADESH,,,0,0,1,,,,,
348,Balaghat,MADHYA PRADESH,,,0,0,1,,,,,
349,Bhind,MADHYA PRADESH,,,0,0,1,,,,,
350,Chhatarpur,MADHYA PRADESH,,,0,0,1,,,,,
351,Damoh,MADHYA PRADESH,,,0,0,1,,,,,
352,Datia,MADHYA PRADESH,,,0,0,1,,,,,
353,Guna,MADHYA PRADESH,,,0,0,1,,,,,
354,Jhabua,MADHYA PRADESH,,,0,0,1,,,,,
355,Katni,MADHYA PRADESH,,,0,0,1,,,,,
356,Mandla,MADHYA PRADESH,,,0,0,1,,,,,
357,Narsinghpur,MADHYA PRADESH,,,0,0,1,,,,,
358,Neemuch,MADHYA PRADESH,,,0,0,1,,,,,
359,Panna,MADHYA PRADESH,,,0,0,1,,,,,
360,Satna,MADHYA PRADESH,,,0,0,1,,,,,
361,Sehore,MADHYA PRADESH,,,0,0,1,,,,,
362,Seoni,MADHYA PRADESH,,,0,0,1,,,,,
363,Sidhi,MADHYA PRADESH,,,0,0,1,,,,,
364,Umaria,MADHYA PRADESH,,,0,0,1,,,,,
365,Singrauli,MADHYA PRADESH,,,0,0,1,,,,,
366,Niwari,MADHYA PRADESH,,,0,0,1,,,,,
367,Mumbai,MAHARASHTRA,,,1,0,0,,,,,
368,Pune,MAHARASHTRA,,,1,0,0,,,,,
369,Thane,MAHARASHTRA,,,1,0,0,,,,,
370,Nashik,MAHARASHTRA,,,1,0,0,,,,,
371,Palghar,MAHARASHTRA,,,1,0,0,,,,,
372,Nagpur,MAHARASHTRA,,,1,0,0,,,,,
373,Solapur,MAHARASHTRA,,,1,0,0,,,,,
374,Yavatmal,MAHARASHTRA,,,1,0,0,,,,,
375,Aurangabad,MAHARASHTRA,,,1,0,0,,,,,
376,Satara,MAHARASHTRA,,,1,0,0,,,,,
377,Dhule,MAHARASHTRA,,,1,0,0,,,,,
378,Akola,MAHARASHTRA,,,1,0,0,,,,,
379,Jalgaon,MAHARASHTRA,,,1,0,0,,,,,
380,Mumbai Suburban,MAHARASHTRA,,,1,0,0,,,,,
381,Raigad,MAHARASHTRA,,,0,1,0,,,,,
382,Ahmednagar,MAHARASHTRA,,,0,1,0,,,,,
383,Amravati,MAHARASHTRA,,,0,1,0,,,,,
384,Buldhana,MAHARASHTRA,,,0,1,0,,,,,
385,Nandurbar,MAHARASHTRA,,,0,1,0,,,,,
386,Kolhapur,MAHARASHTRA,,,0,1,0,,,,,
387,Hingoli,MAHARASHTRA,,,0,1,0,,,,,
388,Ratnagiri,MAHARASHTRA,,,0,1,0,,,,,
389,Jalna,MAHARASHTRA,,,0,1,0,,,,,
390,Nanded,MAHARASHTRA,,,0,1,0,,,,,
391,Chandrapur,MAHARASHTRA,,,0,1,0,,,,,
392,Parbhani,MAHARASHTRA,,,0,1,0,,,,,
393,Sangli,MAHARASHTRA,,,0,1,0,,,,,
394,Latur,MAHARASHTRA,,,0,1,0,,,,,
395,Bhandara,MAHARASHTRA,,,0,1,0,,,,,
396,Beed,MAHARASHTRA,,,0,1,0,,,,,
397,Osmanabad,MAHARASHTRA,,,0,0,1,,,,,
398,Washim,MAHARASHTRA,,,0,0,1,,,,,
399,Sindhudurg,MAHARASHTRA,,,0,0,1,,,,,
400,Gondia,MAHARASHTRA,,,0,0,1,,,,,
401,Gadchiroli,MAHARASHTRA,,,0,0,1,,,,,
402,Wardha,MAHARASHTRA,,,0,0,1,,,,,
403,lmphal West,MANIPUR,,,0,0,1,,,,,
404,Thoubal,MANIPUR,,,0,0,1,,,,,
405,Bishnupur,MANIPUR,,,0,0,1,,,,,
406,Chandel,MANIPUR,,,0,0,1,,,,,
407,Churachandpur,MANIPUR,,,0,0,1,,,,,
408,lmphal East,MANIPUR,,,0,0,1,,,,,
409,Senapati,MANIPUR,,,0,0,1,,,,,
410,Tamenglong,MANIPUR,,,0,0,1,,,,,
411,Ukhrul,MANIPUR,,,0,0,1,,,,,
412,Kakching,MANIPUR,,,0,0,1,,,,,
413,Kangpokpi,MANIPUR,,,0,0,1,,,,,
414,Jiribam,MANIPUR,,,0,0,1,,,,,
415,Noney,MANIPUR,,,0,0,1,,,,,
416,Pherzawl,MANIPUR,,,0,0,1,,,,,
417,Tengnoupal,MANIPUR,,,0,0,1,,,,,
418,Kamjong,MANIPUR,,,0,0,1,,,,,
419,East Khasi Hills,MEGHALAYA,,,0,1,0,,,,,
420,East Garo Hills,MEGHALAYA,,,0,0,1,,,,,
421,West Jaintia Hills,MEGHALAYA,,,0,0,1,,,,,
422,Ri Bhoi,MEGHALAYA,,,0,0,1,,,,,
423,South Garo Hills,MEGHALAYA,,,0,0,1,,,,,
424,West Garo Hills,MEGHALAYA,,,0,0,1,,,,,
425,West Khasi Hills,MEGHALAYA,,,0,0,1,,,,,
426,North Garo Hills,MEGHALAYA,,,0,0,1,,,,,
427,East Jaintia Hills,MEGHALAYA,,,0,0,1,,,,,
428,South West Khasi Hills,MEGHALAYA,,,0,0,1,,,,,
429,South West Garo Hills,MEGHALAYA,,,0,0,1,,,,,
430,Aizawl,MIZORAM,,,0,0,1,,,,,
431,Champhai,MIZORAM,,,0,0,1,,,,,
432,Kolasib,MIZORAM,,,0,0,1,,,,,
433,Lawngtlai,MIZORAM,,,0,0,1,,,,,
434,Lunglei,MIZORAM,,,0,0,1,,,,,
435,Mamit,MIZORAM,,,0,0,1,,,,,
436,Saiha,MIZORAM,,,0,0,1,,,,,
437,Serchhip,MIZORAM,,,0,0,1,,,,,
438,Hnahthial,MIZORAM,,,0,0,1,,,,,
439,Saitual,MIZORAM,,,0,0,1,,,,,
440,Khawzawl,MIZORAM,,,0,0,1,,,,,
441,Dimapur,NAGALAND,,,0,0,1,,,,,
442,Kohima,NAGALAND,,,0,0,1,,,,,
443,Mokokchung,NAGALAND,,,0,0,1,,,,,
444,Mon,NAGALAND,,,0,0,1,,,,,
445,Phek,NAGALAND,,,0,0,1,,,,,
446,Tuensang,NAGALAND,,,0,0,1,,,,,
447,Wokha,NAGALAND,,,0,0,1,,,,,
448,Zunheboto,NAGALAND,,,0,0,1,,,,,
449,Peren,NAGALAND,,,0,0,1,,,,,
450,Kiphire,NAGALAND,,,0,0,1,,,,,
451,Longleng,NAGALAND,,,0,0,1,,,,,
452,Jaiapur,ODISHA,,,1,0,0,,,,,
453,Bhadrak,ODISHA,,,1,0,0,,,,,
454,Baleshwar (Balasore),ODISHA,,,1,0,0,,,,,
455,Khordha,ODISHA,,,0,1,0,,,,,
456,Sundargarh,ODISHA,,,0,1,0,,,,,
457,Kendrapara,ODISHA,,,0,1,0,,,,,
458,Koraput,ODISHA,,,0,1,0,,,,,
459,Dhenkanal,ODISHA,,,0,1,0,,,,,
460,Kalahandi,ODISHA,,,0,1,0,,,,,
461,Cuttack,ODISHA,,,0,0,1,,,,,
462,Puri,ODISHA,,,0,0,1,,,,,
463,Anugul,ODISHA,,,0,0,1,,,,,
464,Balangir,ODISHA,,,0,0,1,,,,,
465,Bargarh,ODISHA,,,0,0,1,,,,,
466,Boudh,ODISHA,,,0,0,1,,,,,
467,Deogarh,ODISHA,,,0,0,1,,,,,
468,Gajapati,ODISHA,,,0,0,1,,,,,
469,Ganjam,ODISHA,,,0,0,1,,,,,
470,Jagatsinghpur,ODISHA,,,0,0,1,,,,,
471,Jharsuguda,ODISHA,,,0,0,1,,,,,
472,Kandhamal,ODISHA,,,0,0,1,,,,,
473,Kendujhar,ODISHA,,,0,0,1,,,,,
474,Malkangiri,ODISHA,,,0,0,1,,,,,
475,Mayurbhanj,ODISHA,,,0,0,1,,,,,
476,Nabarangpur,ODISHA,,,0,0,1,,,,,
477,Nayagarh,ODISHA,,,0,0,1,,,,,
478,Nuapada,ODISHA,,,0,0,1,,,,,
479,Rayagada,ODISHA,,,0,0,1,,,,,
480,Sambalpur,ODISHA,,,0,0,1,,,,,
481,Sonepur,ODISHA,,,0,0,1,,,,,
482,Pondicherry,PUDUCHERRY,,,0,1,0,,,,,
483,Karaikal,PUDUCHERRY,,,0,0,1,,,,,
484,Mahe,PUDUCHERRY,,,0,0,1,,,,,
485,Yanam,PUDUCHERRY,,,0,0,1,,,,,
486,Jalandhar,PUNJAB,,,1,0,0,,,,,
487,Patiala,PUNJAB,,,1,0,0,,,,,
488,Ludhiana,PUNJAB,,,1,0,0,,,,,
489,SAS Nagar (Mohali),PUNJAB,,,0,1,0,,,,,
490,Pathankot,PUNJAB,,,0,1,0,,,,,
491,Mansa,PUNJAB,,,0,1,0,,,,,
492,Tarn Taran,PUNJAB,,,0,1,0,,,,,
493,Amritsar,PUNJAB,,,0,1,0,,,,,
494,Kapurthala,PUNJAB,,,0,1,0,,,,,
495,Hoshiarpur,PUNJAB,,,0,1,0,,,,,
496,Faridkot,PUNJAB,,,0,1,0,,,,,
497,Sangrur,PUNJAB,,,0,1,0,,,,,
498,Shahid Bhagat Singh Nagar (Nawanshahr),PUNJAB,,,0,1,0,,,,,
499,Firozpur (Firojpur or Ferozepur),PUNJAB,,,0,1,0,,,,,
500,Sri Muktsar Sahib,PUNJAB,,,0,1,0,,,,,
501,Moga,PUNJAB,,,0,1,0,,,,,
502,Gurdaspur,PUNJAB,,,0,1,0,,,,,
503,Barnala,PUNJAB,,,0,1,0,,,,,
504,Rupnagar (Ropar),PUNJAB,,,0,0,1,,,,,
505,Fatehgarh Sahib,PUNJAB,,,0,0,1,,,,,
506,Bathinda,PUNJAB,,,0,0,1,,,,,
507,Fazilka,PUNJAB,,,0,0,1,,,,,
508,Jaipur,RAJASTHAN,,,1,0,0,,,,,
509,Jodhpur,RAJASTHAN,,,1,0,0,,,,,
510,Kota,RAJASTHAN,,,1,0,0,,,,,
511,Ajmer,RAJASTHAN,,,1,0,0,,,,,
512,Bharatpur,RAJASTHAN,,,1,0,0,,,,,
513,Nagaur,RAJASTHAN,,,1,0,0,,,,,
514,Banswara,RAJASTHAN,,,1,0,0,,,,,
515,Jhalawar,RAJASTHAN,,,1,0,0,,,,,
516,Tonk,RAJASTHAN,,,0,1,0,,,,,
517,Jaisalmer,RAJASTHAN,,,0,1,0,,,,,
518,Dausa,RAJASTHAN,,,0,1,0,,,,,
519,Jhunjhunu,RAJASTHAN,,,0,1,0,,,,,
520,Hanumangarh,RAJASTHAN,,,0,1,0,,,,,
521,Bhilwara,RAJASTHAN,,,0,1,0,,,,,
522,Sawai Madhopur,RAJASTHAN,,,0,1,0,,,,,
523,Chittorgarh,RAJASTHAN,,,0,1,0,,,,,
524,Dungarpur,RAJASTHAN,,,0,1,0,,,,,
525,Udaipur,RAJASTHAN,,,0,1,0,,,,,
526,Dholpur,RAJASTHAN,,,0,1,0,,,,,
527,Sikar,RAJASTHAN,,,0,1,0,,,,,
528,Alwar,RAJASTHAN,,,0,1,0,,,,,
529,Bikaner,RAJASTHAN,,,0,1,0,,,,,
530,Churu,RAJASTHAN,,,0,1,0,,,,,
531,Pali,RAJASTHAN,,,0,1,0,,,,,
532,Barmer,RAJASTHAN,,,0,1,0,,,,,
533,Karauli,RAJASTHAN,,,0,1,0,,,,,
534,Rajsamand,RAJASTHAN,,,0,1,0,,,,,
535,Baran,RAJASTHAN,,,0,0,1,,,,,
536,Bundi,RAJASTHAN,,,0,0,1,,,,,
537,Ganganagar,RAJASTHAN,,,0,0,1,,,,,
538,Jalore,RAJASTHAN,,,0,0,1,,,,,
539,Sirohi,RAJASTHAN,,,0,0,1,,,,,
540,Pratapgarh,RAJASTHAN,,,0,0,1,,,,,
541,North Sikkim,SIKKIM,,,0,0,1,,,,,
542,East Sikkim,SIKKIM,,,0,0,1,,,,,
543,South Sikkim,SIKKIM,,,0,0,1,,,,,
544,West Sikkim,SIKKIM,,,0,0,1,,,,,
545,Chennai,TAMIL NADU,,,1,0,0,,,,,
546,Madurai,TAMIL NADU,,,1,0,0,,,,,
547,Namakkal,TAMIL NADU,,,1,0,0,,,,,
548,Thanjavur (Tanjore),TAMIL NADU,,,1,0,0,,,,,
549,Chengalpattu,TAMIL NADU,,,1,0,0,,,,,
550,Thiruvallur (Tiruvallur),TAMIL NADU,,,1,0,0,,,,,
551,Tiruppur,TAMIL NADU,,,1,0,0,,,,,
552,Ranipet,TAMIL NADU,,,1,0,0,,,,,
553,Virudhunagar,TAMIL NADU,,,1,0,0,,,,,
554,Thiruvarur (Tiruvarur),TAMIL NADU,,,1,0,0,,,,,
555,Vellore,TAMIL NADU,,,1,0,0,,,,,
556,Kanchipuram,TAMIL NADU,,,1,0,0,,,,,
557,Theni,TAMIL NADU,,,0,1,0,,,,,
558,Tenkasi,TAMIL NADU,,,0,1,0,,,,,
559,Nagapattinam,TAMIL NADU,,,0,1,0,,,,,
560,Dindigul,TAMIL NADU,,,0,1,0,,,,,
561,Villupuram,TAMIL NADU,,,0,1,0,,,,,
562,Coimbatore,TAMIL NADU,,,0,1,0,,,,,
563,Cuddalore,TAMIL NADU,,,0,1,0,,,,,
564,Salem,TAMIL NADU,,,0,1,0,,,,,
565,Karur,TAMIL NADU,,,0,1,0,,,,,
566,Thoothukudi (Tuticorin),TAMIL NADU,,,0,1,0,,,,,
567,Tiruchirappalli (Trichy),TAMIL NADU,,,0,1,0,,,,,
568,Tirupathur,TAMIL NADU,,,0,1,0,,,,,
569,Kanyakumari,TAMIL NADU,,,0,1,0,,,,,
570,Tiruvannamalai,TAMIL NADU,,,0,1,0,,,,,
571,Ramanathapuram,TAMIL NADU,,,0,1,0,,,,,
572,Tirunelveli,TAMIL NADU,,,0,1,0,,,,,
573,The Nilgiris,TAMIL NADU,,,0,1,0,,,,,
574,Sivaganga,TAMIL NADU,,,0,1,0,,,,,
575,Perambalur,TAMIL NADU,,,0,1,0,,,,,
576,Kallakurichi,TAMIL NADU,,,0,1,0,,,,,
577,Ariyalur,TAMIL NADU,,,0,1,0,,,,,
578,Erode,TAMIL NADU,,,0,1,0,,,,,
579,Pudukkottai,TAMIL NADU,,,0,1,0,,,,,
580,Dharmapuri,TAMIL NADU,,,0,1,0,,,,,
581,Krishnagiri,TAMIL NADU,,,0,0,1,,,,,
582,Hyderabad,TELANGANA,,,1,0,0,,,,,
583,Suryapet,TELANGANA,,,1,0,0,,,,,
584,Ranga Reddy,TELANGANA,,,1,0,0,,,,,
585,Medchal Malkajgiri,TELANGANA,,,1,0,0,,,,,
586,Vikarabad,TELANGANA,,,1,0,0,,,,,
587,Warangal Urban,TELANGANA,,,1,0,0,,,,,
588,Nizamabad,TELANGANA,,,0,1,0,,,,,
589,Jogulamba Gadwal,TELANGANA,,,0,1,0,,,,,
590,Nirmal,TELANGANA,,,0,1,0,,,,,
591,Nalgonda,TELANGANA,,,0,1,0,,,,,
592,Adilabad,TELANGANA,,,0,1,0,,,,,
593,Sangareddy,TELANGANA,,,0,1,0,,,,,
594,Kamareddy,TELANGANA,,,0,1,0,,,,,
595,Komaram Bheem Asifabad,TELANGANA,,,0,1,0,,,,,
596,Karimnagar,TELANGANA,,,0,1,0,,,,,
597,Khammam,TELANGANA,,,0,1,0,,,,,
598,Mahabubnagar,TELANGANA,,,0,1,0,,,,,
599,Jagitial,TELANGANA,,,0,1,0,,,,,
600,Rajanna Sircilla,TELANGANA,,,0,1,0,,,,,
601,Jayashankar Bhupalpally,TELANGANA,,,0,1,0,,,,,
602,Medak,TELANGANA,,,0,1,0,,,,,
603,Jangoan,TELANGANA,,,0,1,0,,,,,
604,Narayanpet,TELANGANA,,,0,1,0,,,,,
605,Mancherial,TELANGANA,,,0,1,0,,,,,
606,Peddapalli,TELANGANA,,,0,0,1,,,,,
607,Nagarkurnool,TELANGANA,,,0,0,1,,,,,
608,Mulugu,TELANGANA,,,0,0,1,,,,,
609,Bhadradri Kothagudem,TELANGANA,,,0,0,1,,,,,
610,Mahabubabad,TELANGANA,,,0,0,1,,,,,
611,Siddipet,TELANGANA,,,0,0,1,,,,,
612,Warangal Rural,TELANGANA,,,0,0,1,,,,,
613,Wanaparthy,TELANGANA,,,0,0,1,,,,,
614,Yadadri Bhuvanagiri,TELANGANA,,,0,0,1,,,,,
615,North Tripura,TRIPURA,,,0,1,0,,,,,
616,Gomati,TRIPURA,,,0,1,0,,,,,
617,Dhalai,TRIPURA,,,0,0,1,,,,,
618,South Tripura,TRIPURA,,,0,0,1,,,,,
619,West Tripura,TRIPURA,,,0,0,1,,,,,
620,Khowai,TRIPURA,,,0,0,1,,,,,
621,Sepahijala,TRIPURA,,,0,0,1,,,,,
622,Unakoti,TRIPURA,,,0,0,1,,,,,
623,Agra,UTTAR PRADESH,,,1,0,0,,,,,
624,Lucknow,UTTAR PRADESH,,,1,0,0,,,,,
625,Saharanpur,UTTAR PRADESH,,,1,0,0,,,,,
626,Kanpur Nagar,UTTAR PRADESH,,,1,0,0,,,,,
627,Moradabad,UTTAR PRADESH,,,1,0,0,,,,,
628,Firozabad,UTTAR PRADESH,,,1,0,0,,,,,
629,Gautam Buddh Nagar (Noida and Greater Noida),UTTAR PRADESH,,,1,0,0,,,,,
630,Bulandshahr,UTTAR PRADESH,,,1,0,0,,,,,
631,Meerut,UTTAR PRADESH,,,1,0,0,,,,,
632,Raebareli,UTTAR PRADESH,,,1,0,0,,,,,
633,Varanasi (Banaras),UTTAR PRADESH,,,1,0,0,,,,,
634,Bijnor,UTTAR PRADESH,,,1,0,0,,,,,
635,Amroha,UTTAR PRADESH,,,1,0,0,,,,,
636,Sant Kabir Nagar,UTTAR PRADESH,,,1,0,0,,,,,
637,Aligarh,UTTAR PRADESH,,,1,0,0,,,,,
638,Muzaffarnagar,UTTAR PRADESH,,,1,0,0,,,,,
639,Rampur,UTTAR PRADESH,,,1,0,0,,,,,
640,Mathura,UTTAR PRADESH,,,1,0,0,,,,,
641,Bareilly,UTTAR PRADESH,,,1,0,0,,,,,
642,Ghaziabad,UTTAR PRADESH,,,0,1,0,,,,,
643,Hapur,UTTAR PRADESH,,,0,1,0,,,,,
644,Baghpat,UTTAR PRADESH,,,0,1,0,,,,,
645,Basti,UTTAR PRADESH,,,0,1,0,,,,,
646,Budaun,UTTAR PRADESH,,,0,1,0,,,,,
647,Sambhal,UTTAR PRADESH,,,0,1,0,,,,,
648,Auraiya,UTTAR PRADESH,,,0,1,0,,,,,
649,Shamli,UTTAR PRADESH,,,0,1,0,,,,,
650,Sitapur,UTTAR PRADESH,,,0,1,0,,,,,
651,Bahraich,UTTAR PRADESH,,,0,1,0,,,,,
652,Kannauj,UTTAR PRADESH,,,0,1,0,,,,,
653,Azamgarh,UTTAR PRADESH,,,0,1,0,,,,,
654,Mainpuri,UTTAR PRADESH,,,0,1,0,,,,,
655,Shravasti,UTTAR PRADESH,,,0,1,0,,,,,
656,Banda,UTTAR PRADESH,,,0,1,0,,,,,
657,Jaunpur,UTTAR PRADESH,,,0,1,0,,,,,
658,Etah,UTTAR PRADESH,,,0,1,0,,,,,
659,Kasganj,UTTAR PRADESH,,,0,1,0,,,,,
660,Sultanpur,UTTAR PRADESH,,,0,1,0,,,,,
661,Prayagraj (Allahabad),UTTAR PRADESH,,,0,1,0,,,,,
662,Jalaun,UTTAR PRADESH,,,0,1,0,,,,,
663,Mirzapur,UTTAR PRADESH,,,0,1,0,,,,,
664,Etawah,UTTAR PRADESH,,,0,1,0,,,,,
665,Pratapgarh,UTTAR PRADESH,,,0,1,0,,,,,
666,Ghazipur,UTTAR PRADESH,,,0,1,0,,,,,
667,Gonda,UTTAR PRADESH,,,0,1,0,,,,,
668,Mau,UTTAR PRADESH,,,0,1,0,,,,,
669,Bhadohi,UTTAR PRADESH,,,0,1,0,,,,,
670,Unnao,UTTAR PRADESH,,,0,1,0,,,,,
671,Pilibhit,UTTAR PRADESH,,,0,1,0,,,,,
672,Balrampur,UTTAR PRADESH,,,0,1,0,,,,,
673,Ayodhya (Faizabad),UTTAR PRADESH,,,0,1,0,,,,,
674,Gorakhpur,UTTAR PRADESH,,,0,1,0,,,,,
675,Jhansi,UTTAR PRADESH,,,0,1,0,,,,,
676,Hardoi,UTTAR PRADESH,,,0,1,0,,,,,
677,Kaushambi,UTTAR PRADESH,,,0,1,0,,,,,
678,Barabanki,UTTAR PRADESH,,,0,0,1,,,,,
679,Kheri,UTTAR PRADESH,,,0,0,1,,,,,
680,Hathras,UTTAR PRADESH,,,0,0,1,,,,,
681,Maharajganj,UTTAR PRADESH,,,0,0,1,,,,,
682,Shahjahanpur,UTTAR PRADESH,,,0,0,1,,,,,
683,Ambedkar Nagar,UTTAR PRADESH,,,0,0,1,,,,,
684,Ballia,UTTAR PRADESH,,,0,0,1,,,,,
685,Chandauli,UTTAR PRADESH,,,0,0,1,,,,,
686,Chitrakoot,UTTAR PRADESH,,,0,0,1,,,,,
687,Deoria,UTTAR PRADESH,,,0,0,1,,,,,
688,Farrukhabad,UTTAR PRADESH,,,0,0,1,,,,,
689,Fatehpur,UTTAR PRADESH,,,0,0,1,,,,,
690,Hamirpur,UTTAR PRADESH,,,0,0,1,,,,,
691,Kanpur Dehat,UTTAR PRADESH,,,0,0,1,,,,,
692,Kushi Nagar,UTTAR PRADESH,,,0,0,1,,,,,
693,Lalitpur,UTTAR PRADESH,,,0,0,1,,,,,
694,Mahoba,UTTAR PRADESH,,,0,0,1,,,,,
695,Siddharth Nagar,UTTAR PRADESH,,,0,0,1,,,,,
696,Sonbhadra,UTTAR PRADESH,,,0,0,1,,,,,
697,Amethi,UTTAR PRADESH,,,0,0,1,,,,,
698,Haridwar,UTTARAKHAND,,,1,0,0,,,,,
699,Dehradun,UTTARAKHAND,,,0,1,0,,,,,
700,Nainital,UTTARAKHAND,,,0,1,0,,,,,
701,Udham Singh Nagar,UTTARAKHAND,,,0,0,1,,,,,
702,Almora,UTTARAKHAND,,,0,0,1,,,,,
703,Pauri Garhwal,UTTARAKHAND,,,0,0,1,,,,,
704,Bageshwar,UTTARAKHAND,,,0,0,1,,,,,
705,Chamoli,UTTARAKHAND,,,0,0,1,,,,,
706,Champawat,UTTARAKHAND,,,0,0,1,,,,,
707,Pithoragarh,UTTARAKHAND,,,0,0,1,,,,,
708,Rudraprayag,UTTARAKHAND,,,0,0,1,,,,,
709,Tehri Garhwal,UTTARAKHAND,,,0,0,1,,,,,
710,Uttarkashi,UTTARAKHAND,,,0,0,1,,,,,
711,Kolkata,WEST BENGAL,,,1,0,0,,,,,
712,Howrah,WEST BENGAL,,,1,0,0,,,,,
713,North 24 Parganas,WEST BENGAL,,,1,0,0,,,,,
714,South 24 Parganas,WEST BENGAL,,,1,0,0,,,,,
715,Paschim Medinipur (West Midnapore),WEST BENGAL,,,1,0,0,,,,,
716,Purba Medinipur (East Midnapore),WEST BENGAL,,,1,0,0,,,,,
717,Darjeeling,WEST BENGAL,,,1,0,0,,,,,
718,Jalpaiguri,WEST BENGAL,,,1,0,0,,,,,
719,Kalimpong,WEST BENGAL,,,1,0,0,,,,,
720,Malda,WEST BENGAL,,,1,0,0,,,,,
721,Hooghly,WEST BENGAL,,,0,1,0,,,,,
722,Paschim Bardhaman,WEST BENGAL,,,0,1,0,,,,,
723,Nadia,WEST BENGAL,,,0,1,0,,,,,
724,Purba Bardhaman,WEST BENGAL,,,0,1,0,,,,,
725,Murshidabad,WEST BENGAL,,,0,1,0,,,,,
726,Uttar Dinajpur,WEST BENGAL,,,0,0,1,,,,,
727,Bankura,WEST BENGAL,,,0,0,1,,,,,
728,Birbhum,WEST BENGAL,,,0,0,1,,,,,
729,Cooch Behar,WEST BENGAL,,,0,0,1,,,,,
730,Dakshin Dinajpur,WEST BENGAL,,,0,0,1,,,,,
731,Purulia,WEST BENGAL,,,0,0,1,,,,,
732,Alipurduar,WEST BENGAL,,,0,0,1,,,,,
733,Jhargram,WEST BENGAL,,,0,0,1,,,,,
,,,,,,,,,,,,
,,,,,,,,,,,,
,,,,,,,,,,,,
,,,,,,,,,,,,
,,,,,,,,,,,,
,,,,,,,,,,,,
,,,,,,,,,,,,
,,,,,,,,,,,,
,,,,,,,,,,,,
,,,,,,,,,,,,
,,,,,,,,,,,,
,,,,,,,,,,,,
